case_num,condition,condition_case_num,prompt,target1_type,target1,target1_homogeneity,target2_type,target2,target2_homogeneity,target3_type,target3,target3_homogeneity,template_id,source
1,000,1,"a poster containing a mug, a pouch, and a bag",object,mug,0,object,pouch,0,object,bag,0,strong_object_factorial_template_1,systematic_strong_concept_object_factorial_no_generation_filter
2,000,2,"a notebook cover design that includes a notebook, a magnet, and a book",object,notebook,0,object,magnet,0,object,book,0,strong_object_factorial_template_2,systematic_strong_concept_object_factorial_no_generation_filter
3,000,3,"a sticker sheet featuring a tote bag, a curtain, and a sneaker",object,tote bag,0,object,curtain,0,object,sneaker,0,strong_object_factorial_template_3,systematic_strong_concept_object_factorial_no_generation_filter
4,000,4,"a travel advertisement collage with an umbrella, a tie, and a spiral notebook",object,umbrella,0,object,tie,0,object,spiral notebook,0,strong_object_factorial_template_4,systematic_strong_concept_object_factorial_no_generation_filter
5,000,5,"a mural combining a clock, a battery charger, and a poster",object,clock,0,object,battery charger,0,object,poster,0,strong_object_factorial_template_5,systematic_strong_concept_object_factorial_no_generation_filter
6,000,6,"a product-style illustration showing a t-shirt, a coffee mug, and a chair",object,t-shirt,0,object,coffee mug,0,object,chair,0,strong_object_factorial_template_6,systematic_strong_concept_object_factorial_no_generation_filter
7,000,7,"a clean catalog collage with a wallet, a sweatshirt, and a camera",object,wallet,0,object,sweatshirt,0,object,camera,0,strong_object_factorial_template_7,systematic_strong_concept_object_factorial_no_generation_filter
8,000,8,"a souvenir design featuring a lamp, a mouse pad, and a cup",object,lamp,0,object,mouse pad,0,object,cup,0,strong_object_factorial_template_8,systematic_strong_concept_object_factorial_no_generation_filter
9,000,9,"a decorative print combining a backpack, an apron, and a table",object,backpack,0,object,apron,0,object,table,0,strong_object_factorial_template_9,systematic_strong_concept_object_factorial_no_generation_filter
10,000,10,"a commercial graphic that shows a suitcase, a necklace, and a hat",object,suitcase,0,object,necklace,0,object,hat,0,strong_object_factorial_template_10,systematic_strong_concept_object_factorial_no_generation_filter
11,000,11,"a poster containing a mug, a mouse pad, and a camera",object,mug,0,object,mouse pad,0,object,camera,0,strong_object_factorial_template_11,systematic_strong_concept_object_factorial_no_generation_filter
12,000,12,"a notebook cover design that includes a notebook, an apron, and a cup",object,notebook,0,object,apron,0,object,cup,0,strong_object_factorial_template_12,systematic_strong_concept_object_factorial_no_generation_filter
13,000,13,"a sticker sheet featuring a tote bag, a necklace, and a table",object,tote bag,0,object,necklace,0,object,table,0,strong_object_factorial_template_13,systematic_strong_concept_object_factorial_no_generation_filter
14,000,14,"a travel advertisement collage with an umbrella, a pouch, and a hat",object,umbrella,0,object,pouch,0,object,hat,0,strong_object_factorial_template_14,systematic_strong_concept_object_factorial_no_generation_filter
15,000,15,"a mural combining a clock, a magnet, and a bag",object,clock,0,object,magnet,0,object,bag,0,strong_object_factorial_template_15,systematic_strong_concept_object_factorial_no_generation_filter
16,000,16,"a product-style illustration showing a t-shirt, a curtain, and a book",object,t-shirt,0,object,curtain,0,object,book,0,strong_object_factorial_template_16,systematic_strong_concept_object_factorial_no_generation_filter
17,000,17,"a clean catalog collage with a wallet, a tie, and a sneaker",object,wallet,0,object,tie,0,object,sneaker,0,strong_object_factorial_template_17,systematic_strong_concept_object_factorial_no_generation_filter
18,000,18,"a souvenir design featuring a lamp, a battery charger, and a spiral notebook",object,lamp,0,object,battery charger,0,object,spiral notebook,0,strong_object_factorial_template_18,systematic_strong_concept_object_factorial_no_generation_filter
19,000,19,"a decorative print combining a backpack, a coffee mug, and a poster",object,backpack,0,object,coffee mug,0,object,poster,0,strong_object_factorial_template_19,systematic_strong_concept_object_factorial_no_generation_filter
20,000,20,"a commercial graphic that shows a suitcase, a sweatshirt, and a chair",object,suitcase,0,object,sweatshirt,0,object,chair,0,strong_object_factorial_template_20,systematic_strong_concept_object_factorial_no_generation_filter
21,000,21,"a poster containing a mug, a battery charger, and a sneaker",object,mug,0,object,battery charger,0,object,sneaker,0,strong_object_factorial_template_21,systematic_strong_concept_object_factorial_no_generation_filter
22,000,22,"a notebook cover design that includes a notebook, a coffee mug, and a spiral notebook",object,notebook,0,object,coffee mug,0,object,spiral notebook,0,strong_object_factorial_template_22,systematic_strong_concept_object_factorial_no_generation_filter
23,000,23,"a sticker sheet featuring a tote bag, a sweatshirt, and a poster",object,tote bag,0,object,sweatshirt,0,object,poster,0,strong_object_factorial_template_23,systematic_strong_concept_object_factorial_no_generation_filter
24,000,24,"a travel advertisement collage with an umbrella, a mouse pad, and a chair",object,umbrella,0,object,mouse pad,0,object,chair,0,strong_object_factorial_template_24,systematic_strong_concept_object_factorial_no_generation_filter
25,000,25,"a mural combining a clock, an apron, and a camera",object,clock,0,object,apron,0,object,camera,0,strong_object_factorial_template_25,systematic_strong_concept_object_factorial_no_generation_filter
26,000,26,"a product-style illustration showing a t-shirt, a necklace, and a cup",object,t-shirt,0,object,necklace,0,object,cup,0,strong_object_factorial_template_26,systematic_strong_concept_object_factorial_no_generation_filter
27,000,27,"a clean catalog collage with a wallet, a pouch, and a table",object,wallet,0,object,pouch,0,object,table,0,strong_object_factorial_template_27,systematic_strong_concept_object_factorial_no_generation_filter
28,000,28,"a souvenir design featuring a lamp, a magnet, and a hat",object,lamp,0,object,magnet,0,object,hat,0,strong_object_factorial_template_28,systematic_strong_concept_object_factorial_no_generation_filter
29,000,29,"a decorative print combining a backpack, a curtain, and a bag",object,backpack,0,object,curtain,0,object,bag,0,strong_object_factorial_template_29,systematic_strong_concept_object_factorial_no_generation_filter
30,000,30,"a commercial graphic that shows a suitcase, a tie, and a book",object,suitcase,0,object,tie,0,object,book,0,strong_object_factorial_template_30,systematic_strong_concept_object_factorial_no_generation_filter
31,001,1,"a poster containing a mug, a pouch, and Batman",object,mug,0,object,pouch,0,character,batman,1,strong_object_factorial_template_1,systematic_strong_concept_object_factorial_no_generation_filter
32,001,2,"a notebook cover design that includes a notebook, a magnet, and Goku",object,notebook,0,object,magnet,0,character,goku,1,strong_object_factorial_template_2,systematic_strong_concept_object_factorial_no_generation_filter
33,001,3,"a sticker sheet featuring a tote bag, a curtain, and Minions",object,tote bag,0,object,curtain,0,character,minions,1,strong_object_factorial_template_3,systematic_strong_concept_object_factorial_no_generation_filter
34,001,4,"a travel advertisement collage with an umbrella, a tie, and Spider-Man",object,umbrella,0,object,tie,0,character,spider-man,1,strong_object_factorial_template_4,systematic_strong_concept_object_factorial_no_generation_filter
35,001,5,"a mural combining a clock, a battery charger, and Naruto",object,clock,0,object,battery charger,0,character,naruto,1,strong_object_factorial_template_5,systematic_strong_concept_object_factorial_no_generation_filter
36,001,6,"a product-style illustration showing a t-shirt, a coffee mug, and Superman",object,t-shirt,0,object,coffee mug,0,character,superman,1,strong_object_factorial_template_6,systematic_strong_concept_object_factorial_no_generation_filter
37,001,7,"a clean catalog collage with a wallet, a sweatshirt, and Hello Kitty",object,wallet,0,object,sweatshirt,0,character,hello kitty,1,strong_object_factorial_template_7,systematic_strong_concept_object_factorial_no_generation_filter
38,001,8,"a souvenir design featuring a lamp, a mouse pad, and Wonder Woman",object,lamp,0,object,mouse pad,0,character,wonder woman,1,strong_object_factorial_template_8,systematic_strong_concept_object_factorial_no_generation_filter
39,001,9,"a decorative print combining a backpack, an apron, and Iron Man",object,backpack,0,object,apron,0,character,iron man,1,strong_object_factorial_template_9,systematic_strong_concept_object_factorial_no_generation_filter
40,001,10,"a commercial graphic that shows a suitcase, a necklace, and Mickey Mouse",object,suitcase,0,object,necklace,0,character,mickey mouse,1,strong_object_factorial_template_10,systematic_strong_concept_object_factorial_no_generation_filter
41,001,11,"a poster containing a mug, a mouse pad, and Hello Kitty",object,mug,0,object,mouse pad,0,character,hello kitty,1,strong_object_factorial_template_11,systematic_strong_concept_object_factorial_no_generation_filter
42,001,12,"a notebook cover design that includes a notebook, an apron, and Wonder Woman",object,notebook,0,object,apron,0,character,wonder woman,1,strong_object_factorial_template_12,systematic_strong_concept_object_factorial_no_generation_filter
43,001,13,"a sticker sheet featuring a tote bag, a necklace, and Iron Man",object,tote bag,0,object,necklace,0,character,iron man,1,strong_object_factorial_template_13,systematic_strong_concept_object_factorial_no_generation_filter
44,001,14,"a travel advertisement collage with an umbrella, a pouch, and Mickey Mouse",object,umbrella,0,object,pouch,0,character,mickey mouse,1,strong_object_factorial_template_14,systematic_strong_concept_object_factorial_no_generation_filter
45,001,15,"a mural combining a clock, a magnet, and Batman",object,clock,0,object,magnet,0,character,batman,1,strong_object_factorial_template_15,systematic_strong_concept_object_factorial_no_generation_filter
46,001,16,"a product-style illustration showing a t-shirt, a curtain, and Goku",object,t-shirt,0,object,curtain,0,character,goku,1,strong_object_factorial_template_16,systematic_strong_concept_object_factorial_no_generation_filter
47,001,17,"a clean catalog collage with a wallet, a tie, and Minions",object,wallet,0,object,tie,0,character,minions,1,strong_object_factorial_template_17,systematic_strong_concept_object_factorial_no_generation_filter
48,001,18,"a souvenir design featuring a lamp, a battery charger, and Spider-Man",object,lamp,0,object,battery charger,0,character,spider-man,1,strong_object_factorial_template_18,systematic_strong_concept_object_factorial_no_generation_filter
49,001,19,"a decorative print combining a backpack, a coffee mug, and Naruto",object,backpack,0,object,coffee mug,0,character,naruto,1,strong_object_factorial_template_19,systematic_strong_concept_object_factorial_no_generation_filter
50,001,20,"a commercial graphic that shows a suitcase, a sweatshirt, and Superman",object,suitcase,0,object,sweatshirt,0,character,superman,1,strong_object_factorial_template_20,systematic_strong_concept_object_factorial_no_generation_filter
51,001,21,"a poster containing a mug, a battery charger, and Minions",object,mug,0,object,battery charger,0,character,minions,1,strong_object_factorial_template_21,systematic_strong_concept_object_factorial_no_generation_filter
52,001,22,"a notebook cover design that includes a notebook, a coffee mug, and Spider-Man",object,notebook,0,object,coffee mug,0,character,spider-man,1,strong_object_factorial_template_22,systematic_strong_concept_object_factorial_no_generation_filter
53,001,23,"a sticker sheet featuring a tote bag, a sweatshirt, and Naruto",object,tote bag,0,object,sweatshirt,0,character,naruto,1,strong_object_factorial_template_23,systematic_strong_concept_object_factorial_no_generation_filter
54,001,24,"a travel advertisement collage with an umbrella, a mouse pad, and Superman",object,umbrella,0,object,mouse pad,0,character,superman,1,strong_object_factorial_template_24,systematic_strong_concept_object_factorial_no_generation_filter
55,001,25,"a mural combining a clock, an apron, and Hello Kitty",object,clock,0,object,apron,0,character,hello kitty,1,strong_object_factorial_template_25,systematic_strong_concept_object_factorial_no_generation_filter
56,001,26,"a product-style illustration showing a t-shirt, a necklace, and Wonder Woman",object,t-shirt,0,object,necklace,0,character,wonder woman,1,strong_object_factorial_template_26,systematic_strong_concept_object_factorial_no_generation_filter
57,001,27,"a clean catalog collage with a wallet, a pouch, and Iron Man",object,wallet,0,object,pouch,0,character,iron man,1,strong_object_factorial_template_27,systematic_strong_concept_object_factorial_no_generation_filter
58,001,28,"a souvenir design featuring a lamp, a magnet, and Mickey Mouse",object,lamp,0,object,magnet,0,character,mickey mouse,1,strong_object_factorial_template_28,systematic_strong_concept_object_factorial_no_generation_filter
59,001,29,"a decorative print combining a backpack, a curtain, and Batman",object,backpack,0,object,curtain,0,character,batman,1,strong_object_factorial_template_29,systematic_strong_concept_object_factorial_no_generation_filter
60,001,30,"a commercial graphic that shows a suitcase, a tie, and Goku",object,suitcase,0,object,tie,0,character,goku,1,strong_object_factorial_template_30,systematic_strong_concept_object_factorial_no_generation_filter
61,010,1,"a poster containing a mug, Eiffel Tower, and a bag",object,mug,0,landmark,eiffel tower,1,object,bag,0,strong_object_factorial_template_1,systematic_strong_concept_object_factorial_no_generation_filter
62,010,2,"a notebook cover design that includes a notebook, Colosseum, and a book",object,notebook,0,landmark,colosseum,1,object,book,0,strong_object_factorial_template_2,systematic_strong_concept_object_factorial_no_generation_filter
63,010,3,"a sticker sheet featuring a tote bag, Great Wall of China, and a sneaker",object,tote bag,0,landmark,great wall of china,1,object,sneaker,0,strong_object_factorial_template_3,systematic_strong_concept_object_factorial_no_generation_filter
64,010,4,"a travel advertisement collage with an umbrella, Acropolis, and a spiral notebook",object,umbrella,0,landmark,acropolis,1,object,spiral notebook,0,strong_object_factorial_template_4,systematic_strong_concept_object_factorial_no_generation_filter
65,010,5,"a mural combining a clock, Taj Mahal, and a poster",object,clock,0,landmark,taj mahal,1,object,poster,0,strong_object_factorial_template_5,systematic_strong_concept_object_factorial_no_generation_filter
66,010,6,"a product-style illustration showing a t-shirt, Golden Gate Bridge, and a chair",object,t-shirt,0,landmark,golden gate bridge,1,object,chair,0,strong_object_factorial_template_6,systematic_strong_concept_object_factorial_no_generation_filter
67,010,7,"a clean catalog collage with a wallet, Tower Bridge, and a camera",object,wallet,0,landmark,tower bridge,1,object,camera,0,strong_object_factorial_template_7,systematic_strong_concept_object_factorial_no_generation_filter
68,010,8,"a souvenir design featuring a lamp, Big Ben, and a cup",object,lamp,0,landmark,big ben,1,object,cup,0,strong_object_factorial_template_8,systematic_strong_concept_object_factorial_no_generation_filter
69,010,9,"a decorative print combining a backpack, Neuschwanstein Castle, and a table",object,backpack,0,landmark,neuschwanstein castle,1,object,table,0,strong_object_factorial_template_9,systematic_strong_concept_object_factorial_no_generation_filter
70,010,10,"a commercial graphic that shows a suitcase, Empire State Building, and a hat",object,suitcase,0,landmark,empire state building,1,object,hat,0,strong_object_factorial_template_10,systematic_strong_concept_object_factorial_no_generation_filter
71,010,11,"a poster containing a mug, Big Ben, and a camera",object,mug,0,landmark,big ben,1,object,camera,0,strong_object_factorial_template_11,systematic_strong_concept_object_factorial_no_generation_filter
72,010,12,"a notebook cover design that includes a notebook, Neuschwanstein Castle, and a cup",object,notebook,0,landmark,neuschwanstein castle,1,object,cup,0,strong_object_factorial_template_12,systematic_strong_concept_object_factorial_no_generation_filter
73,010,13,"a sticker sheet featuring a tote bag, Empire State Building, and a table",object,tote bag,0,landmark,empire state building,1,object,table,0,strong_object_factorial_template_13,systematic_strong_concept_object_factorial_no_generation_filter
74,010,14,"a travel advertisement collage with an umbrella, Eiffel Tower, and a hat",object,umbrella,0,landmark,eiffel tower,1,object,hat,0,strong_object_factorial_template_14,systematic_strong_concept_object_factorial_no_generation_filter
75,010,15,"a mural combining a clock, Colosseum, and a bag",object,clock,0,landmark,colosseum,1,object,bag,0,strong_object_factorial_template_15,systematic_strong_concept_object_factorial_no_generation_filter
76,010,16,"a product-style illustration showing a t-shirt, Great Wall of China, and a book",object,t-shirt,0,landmark,great wall of china,1,object,book,0,strong_object_factorial_template_16,systematic_strong_concept_object_factorial_no_generation_filter
77,010,17,"a clean catalog collage with a wallet, Acropolis, and a sneaker",object,wallet,0,landmark,acropolis,1,object,sneaker,0,strong_object_factorial_template_17,systematic_strong_concept_object_factorial_no_generation_filter
78,010,18,"a souvenir design featuring a lamp, Taj Mahal, and a spiral notebook",object,lamp,0,landmark,taj mahal,1,object,spiral notebook,0,strong_object_factorial_template_18,systematic_strong_concept_object_factorial_no_generation_filter
79,010,19,"a decorative print combining a backpack, Golden Gate Bridge, and a poster",object,backpack,0,landmark,golden gate bridge,1,object,poster,0,strong_object_factorial_template_19,systematic_strong_concept_object_factorial_no_generation_filter
80,010,20,"a commercial graphic that shows a suitcase, Tower Bridge, and a chair",object,suitcase,0,landmark,tower bridge,1,object,chair,0,strong_object_factorial_template_20,systematic_strong_concept_object_factorial_no_generation_filter
81,010,21,"a poster containing a mug, Taj Mahal, and a sneaker",object,mug,0,landmark,taj mahal,1,object,sneaker,0,strong_object_factorial_template_21,systematic_strong_concept_object_factorial_no_generation_filter
82,010,22,"a notebook cover design that includes a notebook, Golden Gate Bridge, and a spiral notebook",object,notebook,0,landmark,golden gate bridge,1,object,spiral notebook,0,strong_object_factorial_template_22,systematic_strong_concept_object_factorial_no_generation_filter
83,010,23,"a sticker sheet featuring a tote bag, Tower Bridge, and a poster",object,tote bag,0,landmark,tower bridge,1,object,poster,0,strong_object_factorial_template_23,systematic_strong_concept_object_factorial_no_generation_filter
84,010,24,"a travel advertisement collage with an umbrella, Big Ben, and a chair",object,umbrella,0,landmark,big ben,1,object,chair,0,strong_object_factorial_template_24,systematic_strong_concept_object_factorial_no_generation_filter
85,010,25,"a mural combining a clock, Neuschwanstein Castle, and a camera",object,clock,0,landmark,neuschwanstein castle,1,object,camera,0,strong_object_factorial_template_25,systematic_strong_concept_object_factorial_no_generation_filter
86,010,26,"a product-style illustration showing a t-shirt, Empire State Building, and a cup",object,t-shirt,0,landmark,empire state building,1,object,cup,0,strong_object_factorial_template_26,systematic_strong_concept_object_factorial_no_generation_filter
87,010,27,"a clean catalog collage with a wallet, Eiffel Tower, and a table",object,wallet,0,landmark,eiffel tower,1,object,table,0,strong_object_factorial_template_27,systematic_strong_concept_object_factorial_no_generation_filter
88,010,28,"a souvenir design featuring a lamp, Colosseum, and a hat",object,lamp,0,landmark,colosseum,1,object,hat,0,strong_object_factorial_template_28,systematic_strong_concept_object_factorial_no_generation_filter
89,010,29,"a decorative print combining a backpack, Great Wall of China, and a bag",object,backpack,0,landmark,great wall of china,1,object,bag,0,strong_object_factorial_template_29,systematic_strong_concept_object_factorial_no_generation_filter
90,010,30,"a commercial graphic that shows a suitcase, Acropolis, and a book",object,suitcase,0,landmark,acropolis,1,object,book,0,strong_object_factorial_template_30,systematic_strong_concept_object_factorial_no_generation_filter
91,011,1,"a poster containing a mug, Eiffel Tower, and Batman",object,mug,0,landmark,eiffel tower,1,character,batman,1,strong_object_factorial_template_1,systematic_strong_concept_object_factorial_no_generation_filter
92,011,2,"a notebook cover design that includes a notebook, Colosseum, and Goku",object,notebook,0,landmark,colosseum,1,character,goku,1,strong_object_factorial_template_2,systematic_strong_concept_object_factorial_no_generation_filter
93,011,3,"a sticker sheet featuring a tote bag, Great Wall of China, and Minions",object,tote bag,0,landmark,great wall of china,1,character,minions,1,strong_object_factorial_template_3,systematic_strong_concept_object_factorial_no_generation_filter
94,011,4,"a travel advertisement collage with an umbrella, Acropolis, and Spider-Man",object,umbrella,0,landmark,acropolis,1,character,spider-man,1,strong_object_factorial_template_4,systematic_strong_concept_object_factorial_no_generation_filter
95,011,5,"a mural combining a clock, Taj Mahal, and Naruto",object,clock,0,landmark,taj mahal,1,character,naruto,1,strong_object_factorial_template_5,systematic_strong_concept_object_factorial_no_generation_filter
96,011,6,"a product-style illustration showing a t-shirt, Golden Gate Bridge, and Superman",object,t-shirt,0,landmark,golden gate bridge,1,character,superman,1,strong_object_factorial_template_6,systematic_strong_concept_object_factorial_no_generation_filter
97,011,7,"a clean catalog collage with a wallet, Tower Bridge, and Hello Kitty",object,wallet,0,landmark,tower bridge,1,character,hello kitty,1,strong_object_factorial_template_7,systematic_strong_concept_object_factorial_no_generation_filter
98,011,8,"a souvenir design featuring a lamp, Big Ben, and Wonder Woman",object,lamp,0,landmark,big ben,1,character,wonder woman,1,strong_object_factorial_template_8,systematic_strong_concept_object_factorial_no_generation_filter
99,011,9,"a decorative print combining a backpack, Neuschwanstein Castle, and Iron Man",object,backpack,0,landmark,neuschwanstein castle,1,character,iron man,1,strong_object_factorial_template_9,systematic_strong_concept_object_factorial_no_generation_filter
100,011,10,"a commercial graphic that shows a suitcase, Empire State Building, and Mickey Mouse",object,suitcase,0,landmark,empire state building,1,character,mickey mouse,1,strong_object_factorial_template_10,systematic_strong_concept_object_factorial_no_generation_filter
101,011,11,"a poster containing a mug, Big Ben, and Hello Kitty",object,mug,0,landmark,big ben,1,character,hello kitty,1,strong_object_factorial_template_11,systematic_strong_concept_object_factorial_no_generation_filter
102,011,12,"a notebook cover design that includes a notebook, Neuschwanstein Castle, and Wonder Woman",object,notebook,0,landmark,neuschwanstein castle,1,character,wonder woman,1,strong_object_factorial_template_12,systematic_strong_concept_object_factorial_no_generation_filter
103,011,13,"a sticker sheet featuring a tote bag, Empire State Building, and Iron Man",object,tote bag,0,landmark,empire state building,1,character,iron man,1,strong_object_factorial_template_13,systematic_strong_concept_object_factorial_no_generation_filter
104,011,14,"a travel advertisement collage with an umbrella, Eiffel Tower, and Mickey Mouse",object,umbrella,0,landmark,eiffel tower,1,character,mickey mouse,1,strong_object_factorial_template_14,systematic_strong_concept_object_factorial_no_generation_filter
105,011,15,"a mural combining a clock, Colosseum, and Batman",object,clock,0,landmark,colosseum,1,character,batman,1,strong_object_factorial_template_15,systematic_strong_concept_object_factorial_no_generation_filter
106,011,16,"a product-style illustration showing a t-shirt, Great Wall of China, and Goku",object,t-shirt,0,landmark,great wall of china,1,character,goku,1,strong_object_factorial_template_16,systematic_strong_concept_object_factorial_no_generation_filter
107,011,17,"a clean catalog collage with a wallet, Acropolis, and Minions",object,wallet,0,landmark,acropolis,1,character,minions,1,strong_object_factorial_template_17,systematic_strong_concept_object_factorial_no_generation_filter
108,011,18,"a souvenir design featuring a lamp, Taj Mahal, and Spider-Man",object,lamp,0,landmark,taj mahal,1,character,spider-man,1,strong_object_factorial_template_18,systematic_strong_concept_object_factorial_no_generation_filter
109,011,19,"a decorative print combining a backpack, Golden Gate Bridge, and Naruto",object,backpack,0,landmark,golden gate bridge,1,character,naruto,1,strong_object_factorial_template_19,systematic_strong_concept_object_factorial_no_generation_filter
110,011,20,"a commercial graphic that shows a suitcase, Tower Bridge, and Superman",object,suitcase,0,landmark,tower bridge,1,character,superman,1,strong_object_factorial_template_20,systematic_strong_concept_object_factorial_no_generation_filter
111,011,21,"a poster containing a mug, Taj Mahal, and Minions",object,mug,0,landmark,taj mahal,1,character,minions,1,strong_object_factorial_template_21,systematic_strong_concept_object_factorial_no_generation_filter
112,011,22,"a notebook cover design that includes a notebook, Golden Gate Bridge, and Spider-Man",object,notebook,0,landmark,golden gate bridge,1,character,spider-man,1,strong_object_factorial_template_22,systematic_strong_concept_object_factorial_no_generation_filter
113,011,23,"a sticker sheet featuring a tote bag, Tower Bridge, and Naruto",object,tote bag,0,landmark,tower bridge,1,character,naruto,1,strong_object_factorial_template_23,systematic_strong_concept_object_factorial_no_generation_filter
114,011,24,"a travel advertisement collage with an umbrella, Big Ben, and Superman",object,umbrella,0,landmark,big ben,1,character,superman,1,strong_object_factorial_template_24,systematic_strong_concept_object_factorial_no_generation_filter
115,011,25,"a mural combining a clock, Neuschwanstein Castle, and Hello Kitty",object,clock,0,landmark,neuschwanstein castle,1,character,hello kitty,1,strong_object_factorial_template_25,systematic_strong_concept_object_factorial_no_generation_filter
116,011,26,"a product-style illustration showing a t-shirt, Empire State Building, and Wonder Woman",object,t-shirt,0,landmark,empire state building,1,character,wonder woman,1,strong_object_factorial_template_26,systematic_strong_concept_object_factorial_no_generation_filter
117,011,27,"a clean catalog collage with a wallet, Eiffel Tower, and Iron Man",object,wallet,0,landmark,eiffel tower,1,character,iron man,1,strong_object_factorial_template_27,systematic_strong_concept_object_factorial_no_generation_filter
118,011,28,"a souvenir design featuring a lamp, Colosseum, and Mickey Mouse",object,lamp,0,landmark,colosseum,1,character,mickey mouse,1,strong_object_factorial_template_28,systematic_strong_concept_object_factorial_no_generation_filter
119,011,29,"a decorative print combining a backpack, Great Wall of China, and Batman",object,backpack,0,landmark,great wall of china,1,character,batman,1,strong_object_factorial_template_29,systematic_strong_concept_object_factorial_no_generation_filter
120,011,30,"a commercial graphic that shows a suitcase, Acropolis, and Goku",object,suitcase,0,landmark,acropolis,1,character,goku,1,strong_object_factorial_template_30,systematic_strong_concept_object_factorial_no_generation_filter
121,100,1,"a poster containing Van Gogh-style artwork, a pouch, and a bag",artist,van gogh,1,object,pouch,0,object,bag,0,strong_object_factorial_template_1,systematic_strong_concept_object_factorial_no_generation_filter
122,100,2,"a notebook cover design that includes Monet-style artwork, a magnet, and a book",artist,monet,1,object,magnet,0,object,book,0,strong_object_factorial_template_2,systematic_strong_concept_object_factorial_no_generation_filter
123,100,3,"a sticker sheet featuring Gustav Klimt-style artwork, a curtain, and a sneaker",artist,gustav klimt,1,object,curtain,0,object,sneaker,0,strong_object_factorial_template_3,systematic_strong_concept_object_factorial_no_generation_filter
124,100,4,"a travel advertisement collage with Andy Warhol-style artwork, a tie, and a spiral notebook",artist,andy warhol,1,object,tie,0,object,spiral notebook,0,strong_object_factorial_template_4,systematic_strong_concept_object_factorial_no_generation_filter
125,100,5,"a mural combining Hokusai-style artwork, a battery charger, and a poster",artist,hokusai,1,object,battery charger,0,object,poster,0,strong_object_factorial_template_5,systematic_strong_concept_object_factorial_no_generation_filter
126,100,6,"a product-style illustration showing Kandinsky-style artwork, a coffee mug, and a chair",artist,kandinsky,1,object,coffee mug,0,object,chair,0,strong_object_factorial_template_6,systematic_strong_concept_object_factorial_no_generation_filter
127,100,7,"a clean catalog collage with Rembrandt-style artwork, a sweatshirt, and a camera",artist,rembrandt,1,object,sweatshirt,0,object,camera,0,strong_object_factorial_template_7,systematic_strong_concept_object_factorial_no_generation_filter
128,100,8,"a souvenir design featuring Vermeer-style artwork, a mouse pad, and a cup",artist,vermeer,1,object,mouse pad,0,object,cup,0,strong_object_factorial_template_8,systematic_strong_concept_object_factorial_no_generation_filter
129,100,9,"a decorative print combining Leonid Afremov-style artwork, an apron, and a table",artist,leonid afremov,1,object,apron,0,object,table,0,strong_object_factorial_template_9,systematic_strong_concept_object_factorial_no_generation_filter
130,100,10,"a commercial graphic that shows Edgar Degas-style artwork, a necklace, and a hat",artist,edgar degas,1,object,necklace,0,object,hat,0,strong_object_factorial_template_10,systematic_strong_concept_object_factorial_no_generation_filter
131,100,11,"a poster containing Van Gogh-style artwork, a mouse pad, and a camera",artist,van gogh,1,object,mouse pad,0,object,camera,0,strong_object_factorial_template_11,systematic_strong_concept_object_factorial_no_generation_filter
132,100,12,"a notebook cover design that includes Monet-style artwork, an apron, and a cup",artist,monet,1,object,apron,0,object,cup,0,strong_object_factorial_template_12,systematic_strong_concept_object_factorial_no_generation_filter
133,100,13,"a sticker sheet featuring Gustav Klimt-style artwork, a necklace, and a table",artist,gustav klimt,1,object,necklace,0,object,table,0,strong_object_factorial_template_13,systematic_strong_concept_object_factorial_no_generation_filter
134,100,14,"a travel advertisement collage with Andy Warhol-style artwork, a pouch, and a hat",artist,andy warhol,1,object,pouch,0,object,hat,0,strong_object_factorial_template_14,systematic_strong_concept_object_factorial_no_generation_filter
135,100,15,"a mural combining Hokusai-style artwork, a magnet, and a bag",artist,hokusai,1,object,magnet,0,object,bag,0,strong_object_factorial_template_15,systematic_strong_concept_object_factorial_no_generation_filter
136,100,16,"a product-style illustration showing Kandinsky-style artwork, a curtain, and a book",artist,kandinsky,1,object,curtain,0,object,book,0,strong_object_factorial_template_16,systematic_strong_concept_object_factorial_no_generation_filter
137,100,17,"a clean catalog collage with Rembrandt-style artwork, a tie, and a sneaker",artist,rembrandt,1,object,tie,0,object,sneaker,0,strong_object_factorial_template_17,systematic_strong_concept_object_factorial_no_generation_filter
138,100,18,"a souvenir design featuring Vermeer-style artwork, a battery charger, and a spiral notebook",artist,vermeer,1,object,battery charger,0,object,spiral notebook,0,strong_object_factorial_template_18,systematic_strong_concept_object_factorial_no_generation_filter
139,100,19,"a decorative print combining Leonid Afremov-style artwork, a coffee mug, and a poster",artist,leonid afremov,1,object,coffee mug,0,object,poster,0,strong_object_factorial_template_19,systematic_strong_concept_object_factorial_no_generation_filter
140,100,20,"a commercial graphic that shows Edgar Degas-style artwork, a sweatshirt, and a chair",artist,edgar degas,1,object,sweatshirt,0,object,chair,0,strong_object_factorial_template_20,systematic_strong_concept_object_factorial_no_generation_filter
141,100,21,"a poster containing Van Gogh-style artwork, a battery charger, and a sneaker",artist,van gogh,1,object,battery charger,0,object,sneaker,0,strong_object_factorial_template_21,systematic_strong_concept_object_factorial_no_generation_filter
142,100,22,"a notebook cover design that includes Monet-style artwork, a coffee mug, and a spiral notebook",artist,monet,1,object,coffee mug,0,object,spiral notebook,0,strong_object_factorial_template_22,systematic_strong_concept_object_factorial_no_generation_filter
143,100,23,"a sticker sheet featuring Gustav Klimt-style artwork, a sweatshirt, and a poster",artist,gustav klimt,1,object,sweatshirt,0,object,poster,0,strong_object_factorial_template_23,systematic_strong_concept_object_factorial_no_generation_filter
144,100,24,"a travel advertisement collage with Andy Warhol-style artwork, a mouse pad, and a chair",artist,andy warhol,1,object,mouse pad,0,object,chair,0,strong_object_factorial_template_24,systematic_strong_concept_object_factorial_no_generation_filter
145,100,25,"a mural combining Hokusai-style artwork, an apron, and a camera",artist,hokusai,1,object,apron,0,object,camera,0,strong_object_factorial_template_25,systematic_strong_concept_object_factorial_no_generation_filter
146,100,26,"a product-style illustration showing Kandinsky-style artwork, a necklace, and a cup",artist,kandinsky,1,object,necklace,0,object,cup,0,strong_object_factorial_template_26,systematic_strong_concept_object_factorial_no_generation_filter
147,100,27,"a clean catalog collage with Rembrandt-style artwork, a pouch, and a table",artist,rembrandt,1,object,pouch,0,object,table,0,strong_object_factorial_template_27,systematic_strong_concept_object_factorial_no_generation_filter
148,100,28,"a souvenir design featuring Vermeer-style artwork, a magnet, and a hat",artist,vermeer,1,object,magnet,0,object,hat,0,strong_object_factorial_template_28,systematic_strong_concept_object_factorial_no_generation_filter
149,100,29,"a decorative print combining Leonid Afremov-style artwork, a curtain, and a bag",artist,leonid afremov,1,object,curtain,0,object,bag,0,strong_object_factorial_template_29,systematic_strong_concept_object_factorial_no_generation_filter
150,100,30,"a commercial graphic that shows Edgar Degas-style artwork, a tie, and a book",artist,edgar degas,1,object,tie,0,object,book,0,strong_object_factorial_template_30,systematic_strong_concept_object_factorial_no_generation_filter
151,101,1,"a poster containing Van Gogh-style artwork, a pouch, and Batman",artist,van gogh,1,object,pouch,0,character,batman,1,strong_object_factorial_template_1,systematic_strong_concept_object_factorial_no_generation_filter
152,101,2,"a notebook cover design that includes Monet-style artwork, a magnet, and Goku",artist,monet,1,object,magnet,0,character,goku,1,strong_object_factorial_template_2,systematic_strong_concept_object_factorial_no_generation_filter
153,101,3,"a sticker sheet featuring Gustav Klimt-style artwork, a curtain, and Minions",artist,gustav klimt,1,object,curtain,0,character,minions,1,strong_object_factorial_template_3,systematic_strong_concept_object_factorial_no_generation_filter
154,101,4,"a travel advertisement collage with Andy Warhol-style artwork, a tie, and Spider-Man",artist,andy warhol,1,object,tie,0,character,spider-man,1,strong_object_factorial_template_4,systematic_strong_concept_object_factorial_no_generation_filter
155,101,5,"a mural combining Hokusai-style artwork, a battery charger, and Naruto",artist,hokusai,1,object,battery charger,0,character,naruto,1,strong_object_factorial_template_5,systematic_strong_concept_object_factorial_no_generation_filter
156,101,6,"a product-style illustration showing Kandinsky-style artwork, a coffee mug, and Superman",artist,kandinsky,1,object,coffee mug,0,character,superman,1,strong_object_factorial_template_6,systematic_strong_concept_object_factorial_no_generation_filter
157,101,7,"a clean catalog collage with Rembrandt-style artwork, a sweatshirt, and Hello Kitty",artist,rembrandt,1,object,sweatshirt,0,character,hello kitty,1,strong_object_factorial_template_7,systematic_strong_concept_object_factorial_no_generation_filter
158,101,8,"a souvenir design featuring Vermeer-style artwork, a mouse pad, and Wonder Woman",artist,vermeer,1,object,mouse pad,0,character,wonder woman,1,strong_object_factorial_template_8,systematic_strong_concept_object_factorial_no_generation_filter
159,101,9,"a decorative print combining Leonid Afremov-style artwork, an apron, and Iron Man",artist,leonid afremov,1,object,apron,0,character,iron man,1,strong_object_factorial_template_9,systematic_strong_concept_object_factorial_no_generation_filter
160,101,10,"a commercial graphic that shows Edgar Degas-style artwork, a necklace, and Mickey Mouse",artist,edgar degas,1,object,necklace,0,character,mickey mouse,1,strong_object_factorial_template_10,systematic_strong_concept_object_factorial_no_generation_filter
161,101,11,"a poster containing Van Gogh-style artwork, a mouse pad, and Hello Kitty",artist,van gogh,1,object,mouse pad,0,character,hello kitty,1,strong_object_factorial_template_11,systematic_strong_concept_object_factorial_no_generation_filter
162,101,12,"a notebook cover design that includes Monet-style artwork, an apron, and Wonder Woman",artist,monet,1,object,apron,0,character,wonder woman,1,strong_object_factorial_template_12,systematic_strong_concept_object_factorial_no_generation_filter
163,101,13,"a sticker sheet featuring Gustav Klimt-style artwork, a necklace, and Iron Man",artist,gustav klimt,1,object,necklace,0,character,iron man,1,strong_object_factorial_template_13,systematic_strong_concept_object_factorial_no_generation_filter
164,101,14,"a travel advertisement collage with Andy Warhol-style artwork, a pouch, and Mickey Mouse",artist,andy warhol,1,object,pouch,0,character,mickey mouse,1,strong_object_factorial_template_14,systematic_strong_concept_object_factorial_no_generation_filter
165,101,15,"a mural combining Hokusai-style artwork, a magnet, and Batman",artist,hokusai,1,object,magnet,0,character,batman,1,strong_object_factorial_template_15,systematic_strong_concept_object_factorial_no_generation_filter
166,101,16,"a product-style illustration showing Kandinsky-style artwork, a curtain, and Goku",artist,kandinsky,1,object,curtain,0,character,goku,1,strong_object_factorial_template_16,systematic_strong_concept_object_factorial_no_generation_filter
167,101,17,"a clean catalog collage with Rembrandt-style artwork, a tie, and Minions",artist,rembrandt,1,object,tie,0,character,minions,1,strong_object_factorial_template_17,systematic_strong_concept_object_factorial_no_generation_filter
168,101,18,"a souvenir design featuring Vermeer-style artwork, a battery charger, and Spider-Man",artist,vermeer,1,object,battery charger,0,character,spider-man,1,strong_object_factorial_template_18,systematic_strong_concept_object_factorial_no_generation_filter
169,101,19,"a decorative print combining Leonid Afremov-style artwork, a coffee mug, and Naruto",artist,leonid afremov,1,object,coffee mug,0,character,naruto,1,strong_object_factorial_template_19,systematic_strong_concept_object_factorial_no_generation_filter
170,101,20,"a commercial graphic that shows Edgar Degas-style artwork, a sweatshirt, and Superman",artist,edgar degas,1,object,sweatshirt,0,character,superman,1,strong_object_factorial_template_20,systematic_strong_concept_object_factorial_no_generation_filter
171,101,21,"a poster containing Van Gogh-style artwork, a battery charger, and Minions",artist,van gogh,1,object,battery charger,0,character,minions,1,strong_object_factorial_template_21,systematic_strong_concept_object_factorial_no_generation_filter
172,101,22,"a notebook cover design that includes Monet-style artwork, a coffee mug, and Spider-Man",artist,monet,1,object,coffee mug,0,character,spider-man,1,strong_object_factorial_template_22,systematic_strong_concept_object_factorial_no_generation_filter
173,101,23,"a sticker sheet featuring Gustav Klimt-style artwork, a sweatshirt, and Naruto",artist,gustav klimt,1,object,sweatshirt,0,character,naruto,1,strong_object_factorial_template_23,systematic_strong_concept_object_factorial_no_generation_filter
174,101,24,"a travel advertisement collage with Andy Warhol-style artwork, a mouse pad, and Superman",artist,andy warhol,1,object,mouse pad,0,character,superman,1,strong_object_factorial_template_24,systematic_strong_concept_object_factorial_no_generation_filter
175,101,25,"a mural combining Hokusai-style artwork, an apron, and Hello Kitty",artist,hokusai,1,object,apron,0,character,hello kitty,1,strong_object_factorial_template_25,systematic_strong_concept_object_factorial_no_generation_filter
176,101,26,"a product-style illustration showing Kandinsky-style artwork, a necklace, and Wonder Woman",artist,kandinsky,1,object,necklace,0,character,wonder woman,1,strong_object_factorial_template_26,systematic_strong_concept_object_factorial_no_generation_filter
177,101,27,"a clean catalog collage with Rembrandt-style artwork, a pouch, and Iron Man",artist,rembrandt,1,object,pouch,0,character,iron man,1,strong_object_factorial_template_27,systematic_strong_concept_object_factorial_no_generation_filter
178,101,28,"a souvenir design featuring Vermeer-style artwork, a magnet, and Mickey Mouse",artist,vermeer,1,object,magnet,0,character,mickey mouse,1,strong_object_factorial_template_28,systematic_strong_concept_object_factorial_no_generation_filter
179,101,29,"a decorative print combining Leonid Afremov-style artwork, a curtain, and Batman",artist,leonid afremov,1,object,curtain,0,character,batman,1,strong_object_factorial_template_29,systematic_strong_concept_object_factorial_no_generation_filter
180,101,30,"a commercial graphic that shows Edgar Degas-style artwork, a tie, and Goku",artist,edgar degas,1,object,tie,0,character,goku,1,strong_object_factorial_template_30,systematic_strong_concept_object_factorial_no_generation_filter
181,110,1,"a poster containing Van Gogh-style artwork, Eiffel Tower, and a bag",artist,van gogh,1,landmark,eiffel tower,1,object,bag,0,strong_object_factorial_template_1,systematic_strong_concept_object_factorial_no_generation_filter
182,110,2,"a notebook cover design that includes Monet-style artwork, Colosseum, and a book",artist,monet,1,landmark,colosseum,1,object,book,0,strong_object_factorial_template_2,systematic_strong_concept_object_factorial_no_generation_filter
183,110,3,"a sticker sheet featuring Gustav Klimt-style artwork, Great Wall of China, and a sneaker",artist,gustav klimt,1,landmark,great wall of china,1,object,sneaker,0,strong_object_factorial_template_3,systematic_strong_concept_object_factorial_no_generation_filter
184,110,4,"a travel advertisement collage with Andy Warhol-style artwork, Acropolis, and a spiral notebook",artist,andy warhol,1,landmark,acropolis,1,object,spiral notebook,0,strong_object_factorial_template_4,systematic_strong_concept_object_factorial_no_generation_filter
185,110,5,"a mural combining Hokusai-style artwork, Taj Mahal, and a poster",artist,hokusai,1,landmark,taj mahal,1,object,poster,0,strong_object_factorial_template_5,systematic_strong_concept_object_factorial_no_generation_filter
186,110,6,"a product-style illustration showing Kandinsky-style artwork, Golden Gate Bridge, and a chair",artist,kandinsky,1,landmark,golden gate bridge,1,object,chair,0,strong_object_factorial_template_6,systematic_strong_concept_object_factorial_no_generation_filter
187,110,7,"a clean catalog collage with Rembrandt-style artwork, Tower Bridge, and a camera",artist,rembrandt,1,landmark,tower bridge,1,object,camera,0,strong_object_factorial_template_7,systematic_strong_concept_object_factorial_no_generation_filter
188,110,8,"a souvenir design featuring Vermeer-style artwork, Big Ben, and a cup",artist,vermeer,1,landmark,big ben,1,object,cup,0,strong_object_factorial_template_8,systematic_strong_concept_object_factorial_no_generation_filter
189,110,9,"a decorative print combining Leonid Afremov-style artwork, Neuschwanstein Castle, and a table",artist,leonid afremov,1,landmark,neuschwanstein castle,1,object,table,0,strong_object_factorial_template_9,systematic_strong_concept_object_factorial_no_generation_filter
190,110,10,"a commercial graphic that shows Edgar Degas-style artwork, Empire State Building, and a hat",artist,edgar degas,1,landmark,empire state building,1,object,hat,0,strong_object_factorial_template_10,systematic_strong_concept_object_factorial_no_generation_filter
191,110,11,"a poster containing Van Gogh-style artwork, Big Ben, and a camera",artist,van gogh,1,landmark,big ben,1,object,camera,0,strong_object_factorial_template_11,systematic_strong_concept_object_factorial_no_generation_filter
192,110,12,"a notebook cover design that includes Monet-style artwork, Neuschwanstein Castle, and a cup",artist,monet,1,landmark,neuschwanstein castle,1,object,cup,0,strong_object_factorial_template_12,systematic_strong_concept_object_factorial_no_generation_filter
193,110,13,"a sticker sheet featuring Gustav Klimt-style artwork, Empire State Building, and a table",artist,gustav klimt,1,landmark,empire state building,1,object,table,0,strong_object_factorial_template_13,systematic_strong_concept_object_factorial_no_generation_filter
194,110,14,"a travel advertisement collage with Andy Warhol-style artwork, Eiffel Tower, and a hat",artist,andy warhol,1,landmark,eiffel tower,1,object,hat,0,strong_object_factorial_template_14,systematic_strong_concept_object_factorial_no_generation_filter
195,110,15,"a mural combining Hokusai-style artwork, Colosseum, and a bag",artist,hokusai,1,landmark,colosseum,1,object,bag,0,strong_object_factorial_template_15,systematic_strong_concept_object_factorial_no_generation_filter
196,110,16,"a product-style illustration showing Kandinsky-style artwork, Great Wall of China, and a book",artist,kandinsky,1,landmark,great wall of china,1,object,book,0,strong_object_factorial_template_16,systematic_strong_concept_object_factorial_no_generation_filter
197,110,17,"a clean catalog collage with Rembrandt-style artwork, Acropolis, and a sneaker",artist,rembrandt,1,landmark,acropolis,1,object,sneaker,0,strong_object_factorial_template_17,systematic_strong_concept_object_factorial_no_generation_filter
198,110,18,"a souvenir design featuring Vermeer-style artwork, Taj Mahal, and a spiral notebook",artist,vermeer,1,landmark,taj mahal,1,object,spiral notebook,0,strong_object_factorial_template_18,systematic_strong_concept_object_factorial_no_generation_filter
199,110,19,"a decorative print combining Leonid Afremov-style artwork, Golden Gate Bridge, and a poster",artist,leonid afremov,1,landmark,golden gate bridge,1,object,poster,0,strong_object_factorial_template_19,systematic_strong_concept_object_factorial_no_generation_filter
200,110,20,"a commercial graphic that shows Edgar Degas-style artwork, Tower Bridge, and a chair",artist,edgar degas,1,landmark,tower bridge,1,object,chair,0,strong_object_factorial_template_20,systematic_strong_concept_object_factorial_no_generation_filter
201,110,21,"a poster containing Van Gogh-style artwork, Taj Mahal, and a sneaker",artist,van gogh,1,landmark,taj mahal,1,object,sneaker,0,strong_object_factorial_template_21,systematic_strong_concept_object_factorial_no_generation_filter
202,110,22,"a notebook cover design that includes Monet-style artwork, Golden Gate Bridge, and a spiral notebook",artist,monet,1,landmark,golden gate bridge,1,object,spiral notebook,0,strong_object_factorial_template_22,systematic_strong_concept_object_factorial_no_generation_filter
203,110,23,"a sticker sheet featuring Gustav Klimt-style artwork, Tower Bridge, and a poster",artist,gustav klimt,1,landmark,tower bridge,1,object,poster,0,strong_object_factorial_template_23,systematic_strong_concept_object_factorial_no_generation_filter
204,110,24,"a travel advertisement collage with Andy Warhol-style artwork, Big Ben, and a chair",artist,andy warhol,1,landmark,big ben,1,object,chair,0,strong_object_factorial_template_24,systematic_strong_concept_object_factorial_no_generation_filter
205,110,25,"a mural combining Hokusai-style artwork, Neuschwanstein Castle, and a camera",artist,hokusai,1,landmark,neuschwanstein castle,1,object,camera,0,strong_object_factorial_template_25,systematic_strong_concept_object_factorial_no_generation_filter
206,110,26,"a product-style illustration showing Kandinsky-style artwork, Empire State Building, and a cup",artist,kandinsky,1,landmark,empire state building,1,object,cup,0,strong_object_factorial_template_26,systematic_strong_concept_object_factorial_no_generation_filter
207,110,27,"a clean catalog collage with Rembrandt-style artwork, Eiffel Tower, and a table",artist,rembrandt,1,landmark,eiffel tower,1,object,table,0,strong_object_factorial_template_27,systematic_strong_concept_object_factorial_no_generation_filter
208,110,28,"a souvenir design featuring Vermeer-style artwork, Colosseum, and a hat",artist,vermeer,1,landmark,colosseum,1,object,hat,0,strong_object_factorial_template_28,systematic_strong_concept_object_factorial_no_generation_filter
209,110,29,"a decorative print combining Leonid Afremov-style artwork, Great Wall of China, and a bag",artist,leonid afremov,1,landmark,great wall of china,1,object,bag,0,strong_object_factorial_template_29,systematic_strong_concept_object_factorial_no_generation_filter
210,110,30,"a commercial graphic that shows Edgar Degas-style artwork, Acropolis, and a book",artist,edgar degas,1,landmark,acropolis,1,object,book,0,strong_object_factorial_template_30,systematic_strong_concept_object_factorial_no_generation_filter
211,111,1,"a poster containing Van Gogh-style artwork, Eiffel Tower, and Batman",artist,van gogh,1,landmark,eiffel tower,1,character,batman,1,strong_object_factorial_template_1,systematic_strong_concept_object_factorial_no_generation_filter
212,111,2,"a notebook cover design that includes Monet-style artwork, Colosseum, and Goku",artist,monet,1,landmark,colosseum,1,character,goku,1,strong_object_factorial_template_2,systematic_strong_concept_object_factorial_no_generation_filter
213,111,3,"a sticker sheet featuring Gustav Klimt-style artwork, Great Wall of China, and Minions",artist,gustav klimt,1,landmark,great wall of china,1,character,minions,1,strong_object_factorial_template_3,systematic_strong_concept_object_factorial_no_generation_filter
214,111,4,"a travel advertisement collage with Andy Warhol-style artwork, Acropolis, and Spider-Man",artist,andy warhol,1,landmark,acropolis,1,character,spider-man,1,strong_object_factorial_template_4,systematic_strong_concept_object_factorial_no_generation_filter
215,111,5,"a mural combining Hokusai-style artwork, Taj Mahal, and Naruto",artist,hokusai,1,landmark,taj mahal,1,character,naruto,1,strong_object_factorial_template_5,systematic_strong_concept_object_factorial_no_generation_filter
216,111,6,"a product-style illustration showing Kandinsky-style artwork, Golden Gate Bridge, and Superman",artist,kandinsky,1,landmark,golden gate bridge,1,character,superman,1,strong_object_factorial_template_6,systematic_strong_concept_object_factorial_no_generation_filter
217,111,7,"a clean catalog collage with Rembrandt-style artwork, Tower Bridge, and Hello Kitty",artist,rembrandt,1,landmark,tower bridge,1,character,hello kitty,1,strong_object_factorial_template_7,systematic_strong_concept_object_factorial_no_generation_filter
218,111,8,"a souvenir design featuring Vermeer-style artwork, Big Ben, and Wonder Woman",artist,vermeer,1,landmark,big ben,1,character,wonder woman,1,strong_object_factorial_template_8,systematic_strong_concept_object_factorial_no_generation_filter
219,111,9,"a decorative print combining Leonid Afremov-style artwork, Neuschwanstein Castle, and Iron Man",artist,leonid afremov,1,landmark,neuschwanstein castle,1,character,iron man,1,strong_object_factorial_template_9,systematic_strong_concept_object_factorial_no_generation_filter
220,111,10,"a commercial graphic that shows Edgar Degas-style artwork, Empire State Building, and Mickey Mouse",artist,edgar degas,1,landmark,empire state building,1,character,mickey mouse,1,strong_object_factorial_template_10,systematic_strong_concept_object_factorial_no_generation_filter
221,111,11,"a poster containing Van Gogh-style artwork, Big Ben, and Hello Kitty",artist,van gogh,1,landmark,big ben,1,character,hello kitty,1,strong_object_factorial_template_11,systematic_strong_concept_object_factorial_no_generation_filter
222,111,12,"a notebook cover design that includes Monet-style artwork, Neuschwanstein Castle, and Wonder Woman",artist,monet,1,landmark,neuschwanstein castle,1,character,wonder woman,1,strong_object_factorial_template_12,systematic_strong_concept_object_factorial_no_generation_filter
223,111,13,"a sticker sheet featuring Gustav Klimt-style artwork, Empire State Building, and Iron Man",artist,gustav klimt,1,landmark,empire state building,1,character,iron man,1,strong_object_factorial_template_13,systematic_strong_concept_object_factorial_no_generation_filter
224,111,14,"a travel advertisement collage with Andy Warhol-style artwork, Eiffel Tower, and Mickey Mouse",artist,andy warhol,1,landmark,eiffel tower,1,character,mickey mouse,1,strong_object_factorial_template_14,systematic_strong_concept_object_factorial_no_generation_filter
225,111,15,"a mural combining Hokusai-style artwork, Colosseum, and Batman",artist,hokusai,1,landmark,colosseum,1,character,batman,1,strong_object_factorial_template_15,systematic_strong_concept_object_factorial_no_generation_filter
226,111,16,"a product-style illustration showing Kandinsky-style artwork, Great Wall of China, and Goku",artist,kandinsky,1,landmark,great wall of china,1,character,goku,1,strong_object_factorial_template_16,systematic_strong_concept_object_factorial_no_generation_filter
227,111,17,"a clean catalog collage with Rembrandt-style artwork, Acropolis, and Minions",artist,rembrandt,1,landmark,acropolis,1,character,minions,1,strong_object_factorial_template_17,systematic_strong_concept_object_factorial_no_generation_filter
228,111,18,"a souvenir design featuring Vermeer-style artwork, Taj Mahal, and Spider-Man",artist,vermeer,1,landmark,taj mahal,1,character,spider-man,1,strong_object_factorial_template_18,systematic_strong_concept_object_factorial_no_generation_filter
229,111,19,"a decorative print combining Leonid Afremov-style artwork, Golden Gate Bridge, and Naruto",artist,leonid afremov,1,landmark,golden gate bridge,1,character,naruto,1,strong_object_factorial_template_19,systematic_strong_concept_object_factorial_no_generation_filter
230,111,20,"a commercial graphic that shows Edgar Degas-style artwork, Tower Bridge, and Superman",artist,edgar degas,1,landmark,tower bridge,1,character,superman,1,strong_object_factorial_template_20,systematic_strong_concept_object_factorial_no_generation_filter
231,111,21,"a poster containing Van Gogh-style artwork, Taj Mahal, and Minions",artist,van gogh,1,landmark,taj mahal,1,character,minions,1,strong_object_factorial_template_21,systematic_strong_concept_object_factorial_no_generation_filter
232,111,22,"a notebook cover design that includes Monet-style artwork, Golden Gate Bridge, and Spider-Man",artist,monet,1,landmark,golden gate bridge,1,character,spider-man,1,strong_object_factorial_template_22,systematic_strong_concept_object_factorial_no_generation_filter
233,111,23,"a sticker sheet featuring Gustav Klimt-style artwork, Tower Bridge, and Naruto",artist,gustav klimt,1,landmark,tower bridge,1,character,naruto,1,strong_object_factorial_template_23,systematic_strong_concept_object_factorial_no_generation_filter
234,111,24,"a travel advertisement collage with Andy Warhol-style artwork, Big Ben, and Superman",artist,andy warhol,1,landmark,big ben,1,character,superman,1,strong_object_factorial_template_24,systematic_strong_concept_object_factorial_no_generation_filter
235,111,25,"a mural combining Hokusai-style artwork, Neuschwanstein Castle, and Hello Kitty",artist,hokusai,1,landmark,neuschwanstein castle,1,character,hello kitty,1,strong_object_factorial_template_25,systematic_strong_concept_object_factorial_no_generation_filter
236,111,26,"a product-style illustration showing Kandinsky-style artwork, Empire State Building, and Wonder Woman",artist,kandinsky,1,landmark,empire state building,1,character,wonder woman,1,strong_object_factorial_template_26,systematic_strong_concept_object_factorial_no_generation_filter
237,111,27,"a clean catalog collage with Rembrandt-style artwork, Eiffel Tower, and Iron Man",artist,rembrandt,1,landmark,eiffel tower,1,character,iron man,1,strong_object_factorial_template_27,systematic_strong_concept_object_factorial_no_generation_filter
238,111,28,"a souvenir design featuring Vermeer-style artwork, Colosseum, and Mickey Mouse",artist,vermeer,1,landmark,colosseum,1,character,mickey mouse,1,strong_object_factorial_template_28,systematic_strong_concept_object_factorial_no_generation_filter
239,111,29,"a decorative print combining Leonid Afremov-style artwork, Great Wall of China, and Batman",artist,leonid afremov,1,landmark,great wall of china,1,character,batman,1,strong_object_factorial_template_29,systematic_strong_concept_object_factorial_no_generation_filter
240,111,30,"a commercial graphic that shows Edgar Degas-style artwork, Acropolis, and Goku",artist,edgar degas,1,landmark,acropolis,1,character,goku,1,strong_object_factorial_template_30,systematic_strong_concept_object_factorial_no_generation_filter
